groupe,prenom,nom,surnom,instagram,email,statut_email,source
Corona Gym,Ibrahim,Wouhaibi,Brah,@brahhbrahh,coronagymoff@gmail.com,VÉRIFIÉ (mail officiel du groupe),https://www.coronagym.fr/pages/contact
Corona Gym,Ibrahim,Wouhaibi,Brah,@brahhbrahh,contact@coronagym.fr,VÉRIFIÉ (mentions légales coronagym.fr),https://www.coronagym.fr/pages/mentions-legales
Corona Gym,Edouard,Lajus,,@edouard_lajus_,,À RÉCUPÉRER (bouton Contact Insta),TikTok @coronagymoff
Corona Gym,Axel,Lajus,,@axel.laj,,À RÉCUPÉRER (bouton Contact Insta),Recherche web (frère d'Edouard)
Corona Gym,Antoine,,,@coach_louvard,,À RÉCUPÉRER (bouton Contact Insta),Recherche web
Corona Gym,Solal,,,@solalbechame,,À RÉCUPÉRER (bouton Contact Insta),Recherche web
Corona Gym,Coco,,,@cocofeine_,,À RÉCUPÉRER (bouton Contact Insta),Recherche web
Corona Gym,Romain,,,@romainaltt,,À RÉCUPÉRER (bouton Contact Insta),Recherche web
Corona Gym,Dylan,,,@dylan_bnf,,À RÉCUPÉRER (bouton Contact Insta),Recherche web
Corona Gym,Julien,,,@milinkostaud,,À RÉCUPÉRER (bouton Contact Insta),Recherche web
Corona Gym,Haroun,,,@harounbfg,,À RÉCUPÉRER (bouton Contact Insta),Recherche web
Corona Gym,Paul,Vionnet,,@paul_vionnet,,À RÉCUPÉRER (bouton Contact Insta),Recherche web
Corona Gym,Mathis,,,,,À IDENTIFIER (athlète Nutrimuscle),Recherche web
Corona Gym,Jarod,,,,,À IDENTIFIER,TikTok @coronagymoff
Corona Gym,Samuel,Hartman,,,,À IDENTIFIER,TikTok @coronagymoff
Proche Corona Gym,Essan,,Essan NFC,,,À IDENTIFIER,TikTok @coronagymoff
Bodybuilding pro,Stéphane,Matala,Mr. Unchained,(à confirmer),,À RÉCUPÉRER (bio YouTube / bouton Contact Insta),https://fitnessvolt.com/stephane-matala-classic-physique
