Catégorie;Tâche
Ouverture;Check passage du matin
Ouverture;Ouverture caisse
Ouverture;Tour du plateau
Ouverture;Vérification propreté vestiaires
Ventes;Appels prospects de la veille
Ventes;Relance prospects J+3
Ventes;Rappel des invités du week-end
Ventes;Visites programmées
Ventes;Relance devis B2B
Ventes;Prospection entreprises du secteur
Rétention;Appels J+15 nouveaux adhérents
Rétention;Appels J+30 nouveaux adhérents
Rétention;Relance adhérents sans mandat
Rétention;Relance impayés du jour
Rétention;Appels anniversaires
Rétention;Appels renouvellements du mois
Rétention;Suivi résiliations et sauvetages
Réputation;Réponse aux avis Google
Réputation;Réponse aux avis Wizville
Réputation;Demande d’avis aux adhérents satisfaits
Boutique;Mise en avant boutique nutrition
Boutique;Inventaire accessoires
Boutique;Réassort frigo
Communication;Story Instagram
Communication;Post Facebook du club
Communication;Affichage planning cours
Clôture;Validation de caisse
Clôture;Saisie des KPI du jour dans Fit Pulse
Clôture;Point équipe de fin de journée
Clôture;Fermeture et alarme
