# alias<TAB>id_ciqual[,id2…]<TAB>commentaire — lu par scripts/ciqual_convert.py (champ "a").
# Un id absent de la table fait échouer la génération : un alias orphelin est une recherche cassée.
creme fraiche	19410,19415,19431	crème fraîche
creme fraiche epaisse	19410,19415,19431	crème fraîche
creme fraiche legere	19430,19431,19436	crème légère
creme liquide	19417,19436	crème liquide
lait d'amande	18111,18107	boisson végétale
lait amande	18111,18107	boisson végétale
lait de soja	18113,18900	boisson végétale
lait soja	18113,18900	boisson végétale
lait d'avoine	18899	boisson végétale
lait avoine	18899	boisson végétale
lait de riz	18904	boisson végétale
thon en boite	26039	thon appertisé
thon conserve	26039	thon appertisé
thon en conserve	26039	thon appertisé
coca	18018	cola
coca-cola	18018	cola
coca cola	18018	cola
soda	18018	cola
soda cola	18018	cola
pepsi	18018	cola
coca zero	18060	cola édulcoré
coca light	18060	cola édulcoré
pepsi max	18060	cola édulcoré
cola zero	18060	cola édulcoré
cola light	18060	cola édulcoré
red bull	18324,18352	boisson énergisante
monster	18324,18352	boisson énergisante
boisson energetique	18324,18352	boisson énergisante
energy drink	18324,18352	boisson énergisante
redbull	18324,18352	boisson énergisante
nutella	31032	pâte à tartiner
corn flakes	32005,32014	pétales de maïs
cornflakes	32005,32014	pétales de maïs
corn-flakes	32005,32014	pétales de maïs
granola	32108,32109	muesli croustillant
barre de cereales	31106,31113	barre céréalière
barre cereales	31106,31113	barre céréalière
barre cereale	31106,31113	barre céréalière
big mac	25413,25414	restauration rapide
whopper	25413,25414	restauration rapide
burger	25413,25414	restauration rapide
hamburger mcdo	25413,25414	restauration rapide
cheese burger	25413,25414	restauration rapide
cheeseburger mcdo	25413,25414	restauration rapide
frites mcdo	4030,4032	frites
frites fast food	4030,4032	frites
frites fast-food	4030,4032	frites
frites restauration rapide	4030,4032	frites
tenders	25512,36027	nuggets
chicken nuggets	25512,36027	nuggets
croquettes de poulet	25512,36027	nuggets
california	25456	sushi
california roll	25456	sushi
sushis	25456	sushi
makis	25456	sushi
pad thai	25183	nouilles sautées
wok nouilles	25183	nouilles sautées
pdt	4003,4008,4014	pomme de terre
patate	4003,4008,4014	pomme de terre
patates	4003,4008,4014	pomme de terre
pommes de terre vapeur	4003,4008,4014	pomme de terre
chocolatine	7730,7733	viennoiserie
yogourt	19600,19624	yaourt
yoghourt	19600,19624	yaourt
yogurt	19600,19624	yaourt
jambon blanc	28900,28910,28925	jambon cuit
steack	6251,6253,6255	steak haché
steack hache	6251,6253,6255	steak haché
blanc de poulet	36018,36017	poulet filet
filet de poulet	36018,36017	poulet filet
escalope de poulet	36018,36017	poulet filet
aiguillette de poulet	36018,36017	poulet filet
aiguillettes de poulet	36018,36017	poulet filet
skyr proteine	-6	skyr
boisson proteinee	19669,19724	spécialité laitière protéinée
yaourt proteine	19669,19724	spécialité laitière protéinée
dessert proteine	19669,19724	spécialité laitière protéinée
high protein	19669,19724	spécialité laitière protéinée
hipro	19669,19724	spécialité laitière protéinée
yaourt hyperproteine	19669,19724	spécialité laitière protéinée
proteine vegan	-4	générique RepCore
vegan protein	-4	générique RepCore
proteine de pois	-4	générique RepCore
proteine en poudre	-1	générique RepCore
shaker proteine	-1	générique RepCore
gel sport	-7	générique RepCore
boisson d effort	-8	générique RepCore
boisson sport	-8	générique RepCore
barre de proteine	-9	générique RepCore
barre hyperproteinee	-9	générique RepCore
pain de boulanger	7001	pain
tradition	7001	pain
harrys	7109,7111	pain de mie
biscottes	7300	biscotte
croissants	7603,7620	croissant
pitch	7746,7740	brioche
porridge	9313,32140	avoine
gruau	9313,32140	avoine
musli	32004	muesli
chocapic	32003,32001,32016	céréales
tresor	32003,32001,32016	céréales
miel pops	32003,32001,32016	céréales
coco pops	32003,32001,32016	céréales
special k	32001	céréales
fitness	32001	céréales
galettes de riz	7352,7355	galette de riz
spaghetti	9811,9810	pâtes
spaghettis	9811,9810	pâtes
penne	9811,9810	pâtes
coquillettes	9811,9810	pâtes
tagliatelles	9811,9810	pâtes
fusilli	9811,9810	pâtes
macaroni	9811,9810	pâtes
pates completes	9871,9870	pâtes
couscous graine	9610	semoule
graine de couscous	9610	semoule
blancs d oeufs	22008,22001	oeuf
lait vache	19033	lait
lait de vache	19033	lait
lait 1/2 ecreme	19033,19041	lait
lait sans lactose	19060	lait
lactose free	19060	lait
matin leger	19060	lait
fromage frais	19501,19638,19639	fromage blanc
greek yogurt	19550,19552	yaourt
gruyere rape	12775,12099,12115	fromage
comte affine	12110	fromage
mozarella	19590,19591	fromage
chevre frais	19437,12803,12810	fromage
vache qui rit	12300,12303	fromage
kiri	12300,12303	fromage
carre frais	12300,12303	fromage
beurre sale	16402	beurre
mayo light	11079	sauce
heinz	11008	sauce
shoyu	11104	sauce
coulis de tomate	11107,11114	sauce
passata	11107,11114	sauce
peanut butter	15202	beurre de cacahuète
cacahuetes	15001,15002	cacahuète
cacahouete	15001,15002	cacahuète
cacahouetes	15001,15002	cacahuète
arachides	15001,15002	cacahuète
amandes	15000,15041	amande
noisettes	15004	noisette
pistaches	15009	pistache
fruits secs	15066	fruits secs
mélange fruits secs	15066	fruits secs
trail mix	15066	fruits secs
fraises	13014	fruit
myrtilles	13028	fruit
blueberries	13028	fruit
framboises	13015	fruit
raisins secs	13046	fruit
dattes	13523	fruit
kiwis	13021	fruit
peche	13399,13148	fruit
peches	13399,13148	fruit
abricots	13000	fruit
compote de pommes	13212,13038	compote
pom potes	13212,13038	compote
pompote	13212,13038	compote
jus de fruit	2012,2013	jus
avocats	13004,25620	avocat
tomates	20172	légume
tomates cerises	20172	légume
salade	20031,20099	légume
salade verte	20031,20099	légume
batavia	20031,20099	légume
roquette	20031,20099	légume
carottes	20009	légume
carotte rapee	20009	légume
haricots verts	20030	légume
brocolis	20350,20351	légume
champignons	20056,20228	légume
poivrons	19999,20041	légume
oignons	20034	légume
lentilles	20360,20587	légumineuse
pois chiches	20532,25621	légumineuse
hummus	20532,25621	légumineuse
haricots rouges	20503	légumineuse
pave de saumon	25996,26038	poisson
dos de cabillaud	25997,26023,26025	poisson
colin	25997,26023,26025	poisson
merlu	25997,26023,26025	poisson
poisson blanc	25997,26023,26025	poisson
sardines	26034	poisson
sardines en boite	26034	poisson
maquereaux	26019,26020	poisson
crevettes	10101,10006	fruits de mer
gambas	10101,10006	fruits de mer
batonnets de crabe	26046	surimi
cuisse de poulet	36004,36006,36018	poulet
pilon de poulet	36004,36006,36018	poulet
escalope de dinde	36306,36308,36304	dinde
blanc de dinde	36306,36308,36304	dinde
viande rouge	6100,6105,6110	boeuf
bavette	6100,6105,6110	boeuf
rumsteck	6100,6105,6110	boeuf
cote de porc	28101,28203	porc
lardons	28501,28504	porc
saucisses	30151,30005,30011	saucisse
knacki	30134,30742	saucisse
hot dog	30134,30742	saucisse
doner	25428,25429	sandwich
tortillas	7815	pain
galette de ble	7815	pain
doritos	38105,38417	chips
nachos	38105,38417	chips
glaces	39527,39503	glace
magnum	39527,39503	glace
kinder	31000,31001	confiserie
bueno	31000,31001	confiserie
snickers	31000,31001	confiserie
mars	31000,31001	confiserie
twix	31000,31001	confiserie
bonbons	31028,31059	confiserie
haribo	31028,31059	confiserie
sucre en poudre	31016	sucre
cookies	24656,24676	biscuit
biscuits	24000,24001	biscuit
petit beurre	24000,24001	biscuit
gateau sec	24000,24001	biscuit
madeleines	24630	biscuit
crepes	25409,25410	crêpe
gaufres	24300	gaufre
pancakes	23827	pancake
eau plate	18044,18066	eau
ice tea	18062	boisson
the glace	18062	boisson
lipton	18062	boisson
oasis	18296,18300	boisson
sirop	18296,18300	boisson
lait chocolate	19118	boisson
milkshake	19118	boisson
donut	25556	viennoiserie
donuts	25556	viennoiserie
danette	39230,39505	dessert
flan patissier	8297	dessert
puree de pommes de terre	4047,4017	pomme de terre
gnocchis	25510	féculent
raviolis	25019	plat
veloute	25969,25900	soupe
olives	13184,13186	olive
graines de chia	15047	graine
graines de lin	15034	graine
graines de courge	15064	graine
boulghour	9691,9690	céréale
levure de boulanger	11009	divers
margarine	16713	matière grasse à tartiner
planta	16713	matière grasse à tartiner
beurre leger	16713	matière grasse à tartiner
vinaigrette maison	11110	sauce
sauce salade	11110	sauce
spaghettis bolo	25085	plat
parisien	25517	sandwich
sandwich parisien	25517	sandwich
espresso	18071	café
cafe noir	18071	café
petit noir	18071	café
ristretto	18071	café
latte	18151	café
cafe latte	18151	café
flat white	18151	café
nescafe	18005	café
perrier	18046	eau
san pellegrino	18046	eau
badoit	18046	eau
eau petillante	18046	eau
chocolat chaud	18101,18102	boisson
nesquik	18101,18102	boisson
banania	18101,18102	boisson
poulain	18101,18102	boisson
tourte	25573	plat
